2012 rank,City,State,2012 estimate,2010 Census,Change,2012 land area,2012 population density,ANSI,Location
1,New York,New York,"!B9840638223472 8,336,697","!B9840833924562 8,175,133",!D0039239509157 +1.98%,"302.643 sq mi
783.842 km2","27,012 per sq mi
10,430 km-2",02395220,40.6643°N 73.9385°W
2,Los Angeles,California,"!B9848343926284 3,857,799","!B9848514321052 3,792,621",!D0040636906271 +1.72%,"468.670 sq mi
1,213.850 km2","8,092 per sq mi
3,124 km-2",02410877,34.0194°N 118.4108°W
3,Chicago,Illinois,"!B9851857505287 2,714,856","!B9851928693698 2,695,598",!D0049414487923 +0.71%,"227.635 sq mi
589.571 km2","11,842 per sq mi
4,572 km-2",00428803,41.8376°N 87.6818°W
4,Houston,Texas,"!B9854140011999 2,160,821","!B9854424268670 2,100,263",!D0035462162704 +2.88%,"599.589 sq mi
1,552.929 km2","3,501 per sq mi
1,352 km-2",02410796,29.7805°N 95.3863°W
5,Philadelphia,Pennsylvania,"!B9857477795750 1,547,607","!B9857618355773 1,526,006",!D0042576695337 +1.42%,"134.101 sq mi
347.321 km2","11,379 per sq mi
4,394 km-2",01215531,40.0094°N 75.1333°W
6,Phoenix,Arizona,"!B9857865526003 1,488,750","!B9858159428458 1,445,632",!D0035123613318 +2.98%,"516.704 sq mi
1,338.256 km2","2,798 per sq mi
1,080 km-2",02411414,33.5722°N 112.0880°W
7,San Antonio,Texas,"!B9858602698202 1,382,951","!B9859012620268 1,327,407",!D0031738071947 +4.18%,"460.933 sq mi
1,193.812 km2","2,880 per sq mi
1,112 km-2",02411774,29.4724°N 98.5251°W
8,San Diego,California,"!B9858930534244 1,338,348","!B9859164474800 1,307,402",!D0037435534908 +2.37%,"325.188 sq mi
842.233 km2","4,020 per sq mi
1,552 km-2",02411782,32.8153°N 117.1350°W
9,Dallas,Texas,"!B9859684414044 1,241,162","!B9860039895434 1,197,816",!D0033190407507 +3.62%,"340.519 sq mi
881.939 km2","3,518 per sq mi
1,358 km-2",02410288,32.7757°N 96.7967°W
10,San Jose,California,"!B9862018746935 982,765","!B9862400634646 945,942",!D0032460586064 +3.89%,"176.526 sq mi
457.201 km2","5,359 per sq mi
2,069 km-2",02411790,37.2969°N 121.8193°W
11,Austin,Texas,"!B9863557618659 842,592","!B9864197182264 790,390",!D0027174056862 +6.60%,"297.896 sq mi
771.547 km2","2,653 per sq mi
1,024 km-2",02409761,30.3072°N 97.7560°W
12,Jacksonville,Florida,"!B9863630098324 836,507","!B9863807671342 821,784",!D0040220666899 +1.79%,"747.003 sq mi
1,934.729 km2","1,120 per sq mi
433 km-2",02404783,30.3370°N 81.6613°W
13,Indianapolis,Indiana,"!B9863649902573 834,852","!B9863823978450 820,445",!D0040421326764 +1.76%,"361.433 sq mi
936.108 km2","2,270 per sq mi
876 km-2",02395424,39.7767°N 86.1459°W
14,San Francisco,California,"!B9863758158208 825,863","!B9864011105607 805,235",!D0036644847840 +2.56%,"46.873 sq mi
121.400 km2","17,179 per sq mi
6,633 km-2",02411786,37.7751°N 122.4193°W
15,Columbus,Ohio,"!B9863954598871 809,798","!B9864239745420 787,033",!D0035430459101 +2.89%,"217.169 sq mi
562.466 km2","3,624 per sq mi
1,399 km-2",01086101,39.9848°N 82.9850°W
16,Fort Worth,Texas,"!B9864355284796 777,992","!B9864839661316 741,206",!D0030031612513 +4.96%,"339.819 sq mi
880.128 km2","2,181 per sq mi
842 km-2",02410531,32.7795°N 97.3463°W
17,Charlotte,North Carolina,"!B9864391210804 775,202","!B9864972514020 731,424",!D0028158619108 +5.99%,"297.678 sq mi
770.984 km2","2,457 per sq mi
949 km-2",02404032,35.2087°N 80.8307°W
18,Detroit,Michigan,"!B9865390594600 701,475","!B9865216741323 713,777",!H9959391912621 −1.72%,"138.750 sq mi
359.362 km2","5,144 per sq mi
1,986 km-2",01626181,42.3830°N 83.1022°W
19,El Paso,Texas,"!B9865811861055 672,538","!B9866166255810 649,121",!D0033221568856 +3.61%,"255.235 sq mi
661.057 km2","2,543 per sq mi
982 km-2",02410414,31.8484°N 106.4270°W
20,Memphis,Tennessee,"!B9866073728721 655,155","!B9866200700022 646,889",!D0043600240026 +1.28%,"315.055 sq mi
815.988 km2","2,053 per sq mi
793 km-2",02405068,35.1035°N 89.9785°W
21,Boston,Massachusetts,"!B9866362932964 636,479","!B9866664134373 617,594",!D0034874633274 +3.06%,"48.277 sq mi
125.037 km2","12,793 per sq mi
4,939 km-2",00619463,42.3320°N 71.0202°W
22,Seattle,Washington,"!B9866393522738 634,535","!B9866809849014 608,660",!D0031579825679 +4.25%,"83.943 sq mi
217.410 km2","7,251 per sq mi
2,800 km-2",02411856,47.6205°N 122.3509°W
23,Denver,Colorado,"!B9866397778728 634,265","!B9866950517671 600,158",!D0028676903120 +5.68%,"153.000 sq mi
396.269 km2","3,923 per sq mi
1,515 km-2",02410324,39.7618°N 104.8806°W
24,Washington,District of Columbia,"!B9866428443814 632,323","!B9866924475144 601,723",!D0029787971975 +5.09%,"61.048 sq mi
158.115 km2","9,856 per sq mi
3,806 km-2",02390665,38.9041°N 77.0171°W
25,Nashville,Tennessee,"!B9866552997965 624,496","!B9866932804703 601,222",!D0032516273930 +3.87%,"475.126 sq mi
1,230.570 km2","1,265 per sq mi
489 km-2",02405092,36.1718°N 86.7850°W
26,Baltimore,Maryland,"!B9866603630660 621,342","!B9866609764429 620,961",!D0073962241818 +0.06%,"80.944 sq mi
209.643 km2","7,672 per sq mi
2,962 km-2",01702381,39.3002°N 76.6105°W
27,Louisville,Kentucky,"!B9866868344613 605,110","!B9866997632777 597,337",!D0043418252529 +1.30%,"325.248 sq mi
842.389 km2","1,837 per sq mi
709 km-2",01967434,38.1781°N 85.6667°W
28,Portland,Oregon,"!B9866901517520 603,106","!B9867227273734 583,776",!D0034078590543 +3.31%,"133.427 sq mi
345.573 km2","4,375 per sq mi
1,689 km-2",02411471,45.5370°N 122.6500°W
29,Oklahoma City,Oklahoma,"!B9866966509577 599,199","!B9867292183416 579,999",!D0034081161003 +3.31%,"606.410 sq mi
1,570.596 km2","956 per sq mi
369 km-2",02411311,35.4671°N 97.5137°W
30,Milwaukee,Wisconsin,"!B9866971233664 598,916","!B9867039640271 594,833",!D0049814486815 +0.69%,"96.122 sq mi
248.955 km2","6,188 per sq mi
2,389 km-2",01583724,43.0633°N 87.9667°W
31,Las Vegas,Nevada,"!B9867012928974 596,424","!B9867227616337 583,756",!D0038304039586 +2.17%,"135.815 sq mi
351.759 km2","4,298 per sq mi
1,660 km-2",02411630,36.2277°N 115.2640°W
32,Albuquerque,New Mexico,"!B9867725255380 555,417","!B9867898968442 545,852",!D0040442372738 +1.75%,"187.730 sq mi
486.218 km2","2,908 per sq mi
1,123 km-2",02409678,35.1056°N 106.6474°W
33,Tucson,Arizona,"!B9868301902180 524,295","!B9868381928573 520,116",!D0048239798801 +0.80%,"226.709 sq mi
587.173 km2","2,294 per sq mi
886 km-2",02412104,32.1543°N 110.8711°W
34,Fresno,California,"!B9868659412805 505,882","!B9868883639552 494,665",!D0037864502811 +2.27%,"111.957 sq mi
289.967 km2","4,418 per sq mi
1,706 km-2",02410546,36.7827°N 119.7945°W
35,Sacramento,California,"!B9869278441908 475,516","!B9869470124245 466,488",!D0039449014375 +1.94%,"97.915 sq mi
253.600 km2","4,764 per sq mi
1,839 km-2",02411751,38.5666°N 121.4686°W
36,Long Beach,California,"!B9869440072209 467,892","!B9869561237075 462,257",!D0044071238659 +1.22%,"50.293 sq mi
130.259 km2","9,191 per sq mi
3,549 km-2",02410866,33.8091°N 118.1553°W
37,Kansas City,Missouri,"!B9869516922884 464,310","!B9869614813822 459,787",!D0046215878482 +0.98%,"314.950 sq mi
815.717 km2","1,460 per sq mi
564 km-2",02395492,39.1252°N 94.5511°W
38,Mesa,Arizona,"!B9869783767177 452,084","!B9870076519182 439,041",!D0035163412114 +2.97%,"136.452 sq mi
353.410 km2","3,218 per sq mi
1,242 km-2",02411087,33.4019°N 111.7174°W
39,Virginia Beach,Virginia,"!B9869896391476 447,021","!B9870100395093 437,994",!D0038819851253 +2.06%,"249.016 sq mi
644.949 km2","1,759 per sq mi
679 km-2",01498559,36.7793°N 76.0240°W
40,Atlanta,Georgia,"!B9869969270437 443,775","!B9870519828669 420,003",!D0028717534366 +5.66%,"133.152 sq mi
344.861 km2","3,154 per sq mi
1,218 km-2",02403126,33.7629°N 84.4227°W
41,Colorado Springs,Colorado,"!B9870242034658 431,834","!B9870605335448 416,427",!D0032968892245 +3.70%,"194.540 sq mi
503.858 km2","2,141 per sq mi
826 km-2",02410198,38.8673°N 104.7607°W
42,Raleigh,North Carolina,"!B9870444494636 423,179","!B9870910972055 403,892",!D0030417162216 +4.78%,"142.903 sq mi
370.117 km2","2,826 per sq mi
1,091 km-2",02404590,35.8302°N 78.6414°W
43,Omaha,Nebraska,"!B9870482588838 421,570","!B9870786322597 408,958",!D0034789637196 +3.08%,"127.088 sq mi
329.157 km2","3,218 per sq mi
1,242 km-2",02396064,41.2647°N 96.0419°W
44,Miami,Florida,"!B9870666396507 413,892","!B9871021385961 399,457",!D0033204503117 +3.61%,"35.871 sq mi
92.906 km2","11,539 per sq mi
4,455 km-2",02404247,25.7752°N 80.2086°W
45,Oakland,California,"!B9870989318830 400,740","!B9871242432926 390,724",!D0036638176140 +2.56%,"55.786 sq mi
144.485 km2","7,004 per sq mi
2,704 km-2",02411292,37.7699°N 122.2256°W
46,Tulsa,Oklahoma,"!B9871159268071 393,987","!B9871212227059 391,906",!D0052381734677 +0.53%,"196.754 sq mi
509.590 km2","1,992 per sq mi
769 km-2",02412110,36.1279°N 95.9023°W
47,Minneapolis,Minnesota,"!B9871187404992 392,880","!B9871453121669 382,578",!D0036145945029 +2.69%,"53.973 sq mi
139.789 km2","7,088 per sq mi
2,737 km-2",02395345,44.9633°N 93.2683°W
48,Cleveland,Ohio,"!B9871237213212 390,928","!B9871087745439 396,815",!H9957892763529 −1.48%,"77.697 sq mi
201.234 km2","5,107 per sq mi
1,972 km-2",01085963,41.4781°N 81.6795°W
49,Wichita,Kansas,"!B9871375038073 385,577","!B9871458612253 382,368",!D0047804241335 +0.84%,"159.295 sq mi
412.571 km2","2,400 per sq mi
927 km-2",00485662,37.6907°N 97.3427°W
50,Arlington,Texas,"!B9871637199736 375,600","!B9871911480868 365,438",!D0035824413609 +2.78%,"95.882 sq mi
248.332 km2","3,811 per sq mi
1,472 km-2",02409731,32.7007°N 97.1247°W
51,New Orleans,Louisiana,"!B9871807707996 369,250","!B9872521002802 343,829",!D0026045688366 +7.39%,"169.423 sq mi
438.803 km2","2,029 per sq mi
784 km-2",00545142,30.0686°N 89.9390°W
52,Bakersfield,California,"!B9872100455257 358,597","!B9872415289780 347,483",!D0034425101680 +3.20%,"142.164 sq mi
368.204 km2","2,444 per sq mi
944 km-2",02409774,35.3212°N 119.0183°W
53,Tampa,Florida,"!B9872410628768 347,645","!B9872760000077 335,709",!D0033366856698 +3.56%,"113.409 sq mi
293.728 km2","3,077 per sq mi
1,182 km-2",02405568,27.9701°N 82.4797°W
54,Honolulu,Hawai'i,"!B9872469337493 345,610","!B9872714024351 337,256",!D0036981018198 +2.48%,"60.521 sq mi
156.748 km2","5,573 per sq mi
2,152 km-2",02630783,21.3259°N 157.8453°W
55,Anaheim,California,"!B9872537915030 343,248","!B9872743451814 336,265",!D0038744209157 +2.08%,"49.835 sq mi
129.073 km2","6,748 per sq mi
2,605 km-2",02409704,33.8555°N 117.7601°W
56,Aurora,Colorado,"!B9872661561219 339,030","!B9873081795674 325,078",!D0031484422863 +4.29%,"154.100 sq mi
369.100 km2","2,110 per sq mi
881 km-2",02409731,32.7007°N 97.1247°W
57,Santa Ana,California,"!B9872903680666 330,920","!B9873098729020 324,528",!D0039273246105 +1.97%,"27.270 sq mi
70.628 km2","11,901 per sq mi
4,595 km-2",02411814,33.7365°N 117.8826°W
58,St. Louis,Missouri,"!B9873296526039 318,172","!B9873261324125 319,294",!H9943490004986 −0.35%,"61.909 sq mi
160.343 km2","5,157 per sq mi
1,991 km-2",00767557,38.6357°N 90.2446°W
59,Riverside,California,"!B9873438936790 313,673","!B9873756414517 303,871",!D0034340168227 +3.23%,"81.140 sq mi
210.152 km2","3,745 per sq mi
1,446 km-2",02410965,33.9381°N 117.3932°W
60,Corpus Christi,Texas,"!B9873486167284 312,195","!B9873712282747 305,215",!D0037779675295 +2.29%,"160.612 sq mi
415.982 km2","1,900 per sq mi
734 km-2",02410234,27.7543°N 97.1734°W
61,Pittsburgh,Pennsylvania,"!B9873679703142 306,211","!B9873696274074 305,704",!D0064018615889 +0.17%,"55.367 sq mi
143.400 km2","5,521 per sq mi
2,132 km-2",01214818,40.4398°N 79.9766°W
62,Lexington,Kentucky,"!B9873703309496 305,489","!B9874025510288 295,803",!D0034190121482 +3.27%,"283.649 sq mi
734.649 km2","1,043 per sq mi
403 km-2",02405089,38.0402°N 84.4584°W
63,Anchorage,Alaska,"!B9873931063468 298,610","!B9874160869867 291,826",!D0037615908357 +2.32%,"1,704.683 sq mi
4,415.109 km2","171 per sq mi
66 km-2",02419025,61.1775°N 149.2744°W
64,Stockton,California,"!B9873952049272 297,984","!B9874164948471 291,707",!D0038388577145 +2.15%,"61.670 sq mi
159.723 km2","4,730 per sq mi
1,826 km-2",02411987,37.9763°N 121.3133°W
65,Cincinnati,Ohio,"!B9874000288827 296,550","!B9873987045198 296,943",!H9933725141316 −0.13%,"77.942 sq mi
201.870 km2","3,810 per sq mi
1,471 km-2",01086201,39.1399°N 84.5064°W
66,Saint Paul,Minnesota,"!B9874197121443 290,770","!B9874395169727 285,068",!D0039119107578 +2.00%,"51.979 sq mi
134.624 km2","5,484 per sq mi
2,118 km-2",02396511,44.9489°N 93.1039°W
67,Toledo,Ohio,"!B9874432282302 284,012","!B9874320380290 287,208",!H9955016933359 −1.11%,"80.692 sq mi
208.991 km2","3,559 per sq mi
1,374 km-2",01086537,41.6641°N 83.5819°W
68,Newark,New Jersey,"!B9874656061042 277,727","!B9874677219273 277,140",!D0061572532528 +0.21%,"24.187 sq mi
62.644 km2","11,458 per sq mi
4,424 km-2",00885317,40.7242°N 74.1726°W
69,Greensboro,North Carolina,"!B9874679384478 277,080","!B9874950605648 269,666",!D0035938140514 +2.75%,"126.515 sq mi
327.673 km2","2,131 per sq mi
823 km-2",02403745,36.0965°N 79.8271°W
70,Plano,Texas,"!B9874861926859 272,068","!B9875321748155 259,841",!D0030564232843 +4.71%,"71.581 sq mi
185.395 km2","3,630 per sq mi
1,402 km-2",02411437,33.0508°N 96.7479°W
71,Henderson,Nevada,"!B9875099559078 265,679","!B9875403360757 257,729",!D0034787367166 +3.08%,"107.732 sq mi
279.024 km2","2,392 per sq mi
924 km-2",02410741,36.0122°N 115.0375°W
72,Lincoln,Nebraska,"!B9875109915276 265,404","!B9875378172217 258,379",!D0036049522840 +2.72%,"89.114 sq mi
230.804 km2","2,899 per sq mi
1,119 km-2",02395713,40.8090°N 96.6804°W
73,Buffalo,New York,"!B9875339351318 259,384","!B9875265372790 261,310",!H9950897378713 −0.74%,"40.384 sq mi
104.594 km2","6,471 per sq mi
2,498 km-2",00978764,42.8925°N 78.8597°W
74,Fort Wayne,Indiana,"!B9875527277983 254,555","!B9875561277300 253,691",!D0056822995011 +0.34%,"110.618 sq mi
286.500 km2","2,293 per sq mi
885 km-2",02394798,41.0882°N 85.1439°W
75,Jersey City,New Jersey,"!B9875531757390 254,441","!B9875804422965 247,597",!D0035884300683 +2.76%,"14.794 sq mi
38.316 km2","16,737 per sq mi
6,462 km-2",00885264,40.7114°N 74.0648°W
76,Chula Vista,California,"!B9875611424309 252,422","!B9875954208172 243,916",!D0033560521068 +3.49%,"49.631 sq mi
128.545 km2","4,915 per sq mi
1,898 km-2",02409461,32.6277°N 117.0152°W
77,Orlando,Florida,"!B9875725373397 249,562","!B9876187143369 238,300",!D0030520961572 +4.73%,"102.395 sq mi
265.203 km2","2,327 per sq mi
899 km-2",02404443,28.4159°N 81.2988°W
78,St. Petersburg,Florida,"!B9875847164127 246,541","!B9875919298123 244,769",!D0049282060564 +0.72%,"61.742 sq mi
159.910 km2","3,964 per sq mi
1,531 km-2",02405401,27.7620°N 82.6441°W
79,Norfolk,Virginia,"!B9875877997568 245,782","!B9875999943060 242,803",!D0044006627412 +1.23%,"54.120 sq mi
140.171 km2","4,486 per sq mi
1,732 km-2",01498557,36.9230°N 76.2446°W
80,Chandler,Arizona,"!B9875884265247 245,628","!B9876278918653 236,123",!D0032125348797 +4.03%,"64.413 sq mi
166.828 km2","3,666 per sq mi
1,415 km-2",02409433,33.2829°N 111.8549°W
81,Laredo,Texas,"!B9875920850728 244,731","!B9876280273970 236,091",!D0033078147411 +3.66%,"88.908 sq mi
230.271 km2","2,655 per sq mi
1,025 km-2",02411626,27.5477°N 99.4869°W
82,Madison,Wisconsin,"!B9876102608691 240,323","!B9876403096738 233,209",!D0034898703736 +3.05%,"76.789 sq mi
198.882 km2","3,037 per sq mi
1,173 km-2",01583625,43.0878°N 89.4301°W
83,Durham,North Carolina,"!B9876142843818 239,358","!B9876614527700 228,330",!D0030303544577 +4.83%,"107.370 sq mi
278.088 km2","2,127 per sq mi
821 km-2",02403521,35.9810°N 78.9056°W
84,Lubbock,Texas,"!B9876281375301 236,065","!B9876560236593 229,573",!D0035656504120 +2.83%,"122.410 sq mi
317.041 km2","1,875 per sq mi
724 km-2",02410892,33.5665°N 101.8867°W
85,Winston–Salem,North Carolina,"!B9876354332637 234,349","!B9876558320175 229,617",!D0038820647574 +2.06%,"132.449 sq mi
343.041 km2","1,734 per sq mi
669 km-2",02405771,36.1033°N 80.2606°W
86,Garland,Texas,"!B9876387885915 233,564","!B9876678411082 226,876",!D0035240887369 +2.95%,"57.085 sq mi
147.849 km2","3,974 per sq mi
1,535 km-2",02410572,32.9098°N 96.6304°W
87,Glendale,Arizona,"!B9876448911599 232,143","!B9876685245343 226,721",!D0037332554355 +2.39%,"59.976 sq mi
155.337 km2","3,780 per sq mi
1,460 km-2",02410596,33.5331°N 112.1899°W
88,Hialeah,Florida,"!B9876457616920 231,941","!B9876776165130 224,669",!D0034305968510 +3.24%,"21.450 sq mi
55.555 km2","10,474 per sq mi
4,044 km-2",02404689,25.8699°N 80.3029°W
89,Reno,Nevada,"!B9876497101342 231,027","!B9876751625786 225,221",!D0036581902767 +2.58%,"103.009 sq mi
266.793 km2","2,186 per sq mi
844 km-2",02410923,39.4745°N 119.7765°W
90,Baton Rouge,Louisiana,"!B9876539132699 230,058","!B9876563721930 229,493",!D0060068020757 +0.25%,"76.947 sq mi
199.292 km2","2,982 per sq mi
1,152 km-2",02403821,30.4485°N 91.1259°W
91,Irvine,California,"!B9876542306316 229,985","!B9877338911410 212,375",!D0024898866574 +8.29%,"66.106 sq mi
171.214 km2","3,213 per sq mi
1,240 km-2",02410116,33.6784°N 117.7713°W
92,Chesapeake,Virginia,"!B9876610718151 228,417","!B9876886263405 222,209",!D0035777795975 +2.79%,"340.800 sq mi
882.669 km2","652 per sq mi
252 km-2",01498558,36.6794°N 76.3018°W
93,Irving,Texas,"!B9876742483395 225,427","!B9877156246212 216,290",!D0031642879957 +4.22%,"67.017 sq mi
173.574 km2","3,227 per sq mi
1,246 km-2",02410117,32.8577°N 96.9700°W
94,Scottsdale,Arizona,"!B9876827706691 223,514","!B9877105747459 217,385",!D0035686383705 +2.82%,"183.920 sq mi
476.350 km2","1,182 per sq mi
456 km-2",02411845,33.6687°N 111.8237°W
95,North Las Vegas,Nevada,"!B9876828735762 223,491","!B9877125271071 216,961",!D0035033106705 +3.01%,"101.345 sq mi
262.483 km2","2,141 per sq mi
827 km-2",02411273,36.2830°N 115.0893°W
96,Fremont,California,"!B9876896304041 221,986","!B9877258529046 214,089",!D0032999088758 +3.69%,"77.459 sq mi
200.618 km2","2,764 per sq mi
1,067 km-2",02410545,37.4944°N 121.9411°W
97,Gilbert,Arizona,"!B9876934487359 221,140","!B9877525311248 208,453",!D0027991357490 +6.09%,"67.963 sq mi
176.023 km2","3,067 per sq mi
1,184 km-2",02412682,33.3102°N 111.7422°W
98,San Bernardino,California,"!B9877295685369 213,295","!B9877454991605 209,924",!D0041315361242 +1.61%,"59.201 sq mi
153.330 km2","3,546 per sq mi
1,369 km-2",02411777,34.1393°N 117.2953°W
99,Boise,Idaho,"!B9877342302214 212,303","!B9877659669163 205,671",!D0034343713868 +3.22%,"79.364 sq mi
205.551 km2","2,592 per sq mi
1,001 km-2",02409876,43.5985°N 116.2311°W
100,Birmingham,Alabama,"!B9877354792171 212,038","!B9877345411462 212,237",!H9930278459709 −0.09%,"146.067 sq mi
378.311 km2","1,453 per sq mi
561 km-2",02403868,33.5274°N 86.7990°W
101,Rochester,New York,"!B9877426070604 210,532","!B9877424503269 210,565",!H9912389578884 −0.02%,"35.781 sq mi
92.672 km2","5,885 per sq mi
2,272 km-2",00979426,43.1699°N 77.6169°W
102,Richmond,Virginia,"!B9877436668432 210,309","!B9877730762574 204,214",!D0035116997006 +2.98%,"59.805 sq mi
154.895 km2","3,415 per sq mi
1,318 km-2",01789073,37.5314°N 77.4760°W
103,Spokane,Washington,"!B9877474016570 209,525","!B9877503124637 208,916",!D0058378692685 +0.29%,"59.247 sq mi
153.448 km2","3,526 per sq mi
1,361 km-2",02411956,47.6736°N 117.4166°W
104,Des Moines,Iowa,"!B9877610343111 206,688","!B9877769080086 203,433",!D0041351444366 +1.60%,"80.869 sq mi
209.451 km2","2,516 per sq mi
971 km-2",02394522,41.5739°N 93.6167°W
105,Montgomery,Alabama,"!B9877678064940 205,293","!B9877655148400 205,764",!H9939203729340 −0.23%,"159.565 sq mi
413.272 km2","1,290 per sq mi
498 km-2",02404289,32.3463°N 86.2686°W
106,Modesto,California,"!B9877763477845 203,547","!B9877881192541 201,165",!D0044361849958 +1.18%,"36.867 sq mi
95.486 km2","5,456 per sq mi
2,107 km-2",02411130,37.6609°N 120.9891°W
107,Fayetteville,North Carolina,"!B9877834672525 202,103","!B9877911113232 200,564",!D0048700005429 +0.77%,"145.845 sq mi
377.736 km2","1,375 per sq mi
531 km-2",02403604,35.0851°N 78.9803°W
108,Tacoma,Washington,"!B9877839275198 202,010","!B9878019746472 198,397",!D0040057316216 +1.82%,"49.721 sq mi
128.777 km2","3,990 per sq mi
1,541 km-2",02412025,47.2522°N 122.4598°W
109,Shreveport,Louisiana,"!B9877846356563 201,867","!B9877973783021 199,311",!D0043564228823 +1.28%,"105.375 sq mi
272.920 km2","1,891 per sq mi
730 km-2",02405463,32.4670°N 93.7927°W
110,Fontana,California,"!B9877849081500 201,812","!B9878137780829 196,069",!D0035304849162 +2.93%,"42.432 sq mi
109.899 km2","4,621 per sq mi
1,784 km-2",02410517,34.1088°N 117.4627°W
111,Oxnard,California,"!B9877861824240 201,555","!B9878044879214 197,899",!D0039913871459 +1.85%,"26.894 sq mi
69.656 km2","7,358 per sq mi
2,841 km-2",02411347,34.2023°N 119.2046°W
112,Aurora,Illinois,"!B9877942674122 199,932","!B9878044879214 197,899",!D0045782442648 +1.03%,"44.936 sq mi
116.384 km2","4,404 per sq mi
1,700 km-2",02394031,41.7635°N 88.2901°W
113,Moreno Valley,California,"!B9877961698670 199,552","!B9878276651264 193,365",!D0034421292780 +3.20%,"51.275 sq mi
132.800 km2","3,771 per sq mi
1,456 km-2",02411159,33.9233°N 117.2057°W
114,Akron,Ohio,"!B9878012087999 198,549","!B9877983872851 199,110",!H9941281081907 −0.28%,"62.033 sq mi
160.664 km2","3,210 per sq mi
1,239 km-2",01086993,41.0805°N 81.5214°W
115,Yonkers,New York,"!B9878017125808 198,449","!B9878142525182 195,976",!D0043725602142 +1.26%,"18.012 sq mi
46.651 km2","10,880 per sq mi
4,201 km-2",00979660,40.9459°N 73.8674°W
116,Columbus,Georgia,"!B9878018940041 198,413","!B9878458260952 189,885",!D0031030637583 +4.49%,"216.385 sq mi
560.435 km2","878 per sq mi
339 km-2",02404111,32.5102°N 84.8749°W
117,Augusta,Georgia,"!B9878046243640 197,872","!B9878149262970 195,844",!D0045702683382 +1.04%,"302.474 sq mi
783.404 km2","647 per sq mi
250 km-2",02405078,33.3655°N 82.0734°W
118,Little Rock,Arkansas,"!B9878113940122 196,537","!B9878268431852 193,524",!D0041624652756 +1.56%,"119.200 sq mi
308.726 km2","1,624 per sq mi
627 km-2",02404939,34.7254°N 92.3586°W
119,Amarillo,Texas,"!B9878179639322 195,250","!B9878415694279 190,695",!D0037344497623 +2.39%,"99.476 sq mi
257.641 km2","1,917 per sq mi
740 km-2",02409694,35.1978°N 101.8287°W
120,Mobile,Alabama,"!B9878201583998 194,822","!B9878186760936 195,111",!H9934851027817 −0.15%,"139.109 sq mi
360.290 km2","1,403 per sq mi
542 km-2",02404278,30.6684°N 88.1002°W
121,Huntington Beach,California,"!B9878207437206 194,708","!B9878452627550 189,992",!D0036960209833 +2.48%,"26.748 sq mi
69.278 km2","7,103 per sq mi
2,742 km-2",02410811,33.6906°N 118.0093°W
122,Glendale,California,"!B9878219256748 194,478","!B9878362139626 191,719",!D0042411624631 +1.44%,"30.453 sq mi
78.874 km2","6,295 per sq mi
2,431 km-2",02410597,34.1814°N 118.2458°W
123,Grand Rapids,Michigan,"!B9878430598272 190,411","!B9878555900148 188,040",!D0043733428990 +1.26%,"44.395 sq mi
114.984 km2","4,236 per sq mi
1,635 km-2",01626373,42.9612°N 85.6556°W
124,Salt Lake City,Utah,"!B9878488377088 189,314","!B9878641352495 186,440",!D0041724046838 +1.54%,"111.110 sq mi
287.773 km2","1,678 per sq mi
648 km-2",02411771,40.7785°N 111.9314°W
125,Tallahassee,Florida,"!B9878612911964 186,971","!B9878916724963 181,376",!D0034786988828 +3.08%,"100.247 sq mi
259.638 km2","1,809 per sq mi
699 km-2",02405563,30.4551°N 84.2534°W
126,Huntsville,Alabama,"!B9878787284486 183,739","!B9878987047068 180,105",!D0039032060441 +2.02%,"209.054 sq mi
541.447 km2","862 per sq mi
333 km-2",02404746,34.7843°N 86.5390°W
127,Worcester,Massachusetts,"!B9878845689490 182,669","!B9878934991018 181,045",!D0047138533774 +0.90%,"37.371 sq mi
96.790 km2","4,845 per sq mi
1,870 km-2",00619493,42.2695°N 71.8078°W
128,Knoxville,Tennessee,"!B9878871397361 182,200","!B9879055630736 178,874",!D0039849112665 +1.86%,"98.521 sq mi
255.167 km2","1,816 per sq mi
701 km-2",02404842,35.9709°N 83.9465°W
129,Grand Prairie,Texas,"!B9878892055347 181,824","!B9879251984463 175,396",!D0033063828267 +3.66%,"72.105 sq mi
186.750 km2","2,433 per sq mi
939 km-2",02410632,32.6842°N 97.0210°W
130,Newport News,Virginia,"!B9878952626488 180,726","!B9878953013822 180,719",!D0101587884686 +0.00%,"68.714 sq mi
177.968 km2","2,630 per sq mi
1,015 km-2",01498555,37.0760°N 76.5217°W
131,Brownsville,Texas,"!B9878987491263 180,097","!B9879273273271 175,023",!D0035407879326 +2.90%,"132.330 sq mi
342.734 km2","1,323 per sq mi
511 km-2",02409924,26.0183°N 97.4538°W
132,Santa Clarita,California,"!B9879047862921 179,013","!B9879199441950 176,320",!D0041816447121 +1.53%,"52.716 sq mi
136.535 km2","3,345 per sq mi
1,291 km-2",02411819,34.4049°N 118.5047°W
133,Overland Park,Kansas,"!B9879053115315 178,919","!B9879368051460 173,372",!D0034421823338 +3.20%,"74.841 sq mi
193.839 km2","2,317 per sq mi
894 km-2",00485639,38.8890°N 94.6906°W
134,Providence,Rhode Island,"!B9879080371447 178,432","!B9879102252435 178,042",!D0061236280173 +0.22%,"18.400 sq mi
47.656 km2","9,676 per sq mi
3,736 km-2",01220076,41.8231°N 71.4188°W
135,Jackson,Mississippi,"!B9879249647169 175,437","!B9879359864332 173,514",!D0045023718211 +1.11%,"111.046 sq mi
287.608 km2","1,563 per sq mi
603 km-2",02404779,32.3158°N 90.2128°W
136,Garden Grove,California,"!B9879309562849 174,389","!B9879512656092 170,883",!D0038865033252 +2.05%,"17.941 sq mi
46.467 km2","9,525 per sq mi
3,677 km-2",02410568,33.7788°N 117.9605°W
137,Oceanside,California,"!B9879488691805 171,293","!B9879737360710 167,086",!D0036817588453 +2.52%,"41.235 sq mi
106.798 km2","4,052 per sq mi
1,565 km-2",02411301,33.2246°N 117.3062°W
138,Chattanooga,Tennessee,"!B9879489509151 171,279","!B9879702231029 167,674",!D0038396998473 +2.15%,"137.152 sq mi
355.222 km2","1,223 per sq mi
472 km-2",02404035,35.0665°N 85.2471°W
139,Fort Lauderdale,Florida,"!B9879520617922 170,747","!B9879831466460 165,521",!D0034554519078 +3.16%,"34.765 sq mi
90.042 km2","4,761 per sq mi
1,838 km-2",02403640,26.1413°N 80.1439°W
140,Rancho Cucamonga,California,"!B9879520676489 170,746","!B9879846702715 165,269",!D0034070169436 +3.31%,"39.851 sq mi
103.212 km2","4,147 per sq mi
1,601 km-2",02411514,34.1233°N 117.5642°W
141,Santa Rosa,California,"!B9879524249685 170,685","!B9879693825388 167,815",!D0040685501523 +1.71%,"41.294 sq mi
106.950 km2","4,064 per sq mi
1,569 km-2",02411827,38.4468°N 122.7061°W
142,Port St. Lucie,Florida,"!B9879640278930 168,716","!B9879887082069 164,603",!D0036893838248 +2.50%,"113.953 sq mi
295.136 km2","1,444 per sq mi
558 km-2",02404558,27.2810°N 80.3838°W
143,Ontario,California,"!B9879729882330 167,211","!B9879928418152 163,924",!D0039094276110 +2.01%,"49.941 sq mi
129.345 km2","3,282 per sq mi
1,267 km-2",02411323,34.0395°N 117.6088°W
144,Tempe,Arizona,"!B9879751974642 166,842","!B9880063844597 161,719",!D0034521200562 +3.17%,"39.929 sq mi
103.416 km2","4,050 per sq mi
1,564 km-2",02412045,33.3884°N 111.9318°W
145,Vancouver,Washington,"!B9879833399936 165,489","!B9880059393421 161,791",!D0037785132458 +2.29%,"46.456 sq mi
120.322 km2","3,483 per sq mi
1,345 km-2",02412146,45.6372°N 122.5965°W
146,Springfield,Missouri,"!B9880034700679 162,191","!B9880202133380 159,498",!D0040813755691 +1.69%,"81.720 sq mi
211.654 km2","1,952 per sq mi
754 km-2",02395942,37.1942°N 93.2913°W
147,Cape Coral,Florida,"!B9880093011685 161,248","!B9880533135577 154,305",!D0031011972054 +4.50%,"105.673 sq mi
273.691 km2","1,460 per sq mi
564 km-2",02403990,26.6431°N 81.9973°W
148,Pembroke Pines,Florida,"!B9880151602322 160,306","!B9880551687495 154,019",!D0031985919620 +4.08%,"33.124 sq mi
85.790 km2","4,672 per sq mi
1,804 km-2",02404502,26.0212°N 80.3404°W
149,Sioux Falls,South Dakota,"!B9880176460711 159,908","!B9880560196559 153,888",!D0032411378057 +3.91%,"72.964 sq mi
188.977 km2","2,109 per sq mi
814 km-2",01267566,43.5383°N 96.7320°W
150,Peoria,Arizona,"!B9880183905261 159,789","!B9880548701297 154,065",!D0032927067295 +3.72%,"174.404 sq mi
451.704 km2","883 per sq mi
341 km-2",02411401,33.7877°N 112.3111°W
151,Lancaster,California,"!B9880229946666 159,055","!B9880383392316 156,633",!D0041693118441 +1.55%,"94.276 sq mi
244.175 km2","1,661 per sq mi
641 km-2",02411620,34.6936°N 118.1753°W
152,Elk Grove,California,"!B9880231015536 159,038","!B9880617087652 153,015",!D0032349504817 +3.94%,"42.190 sq mi
109.271 km2","3,627 per sq mi
1,400 km-2",02410425,38.4144°N 121.3849°W
153,Corona,California,"!B9880271780614 158,391","!B9880659066959 152,374",!D0032317492287 +3.95%,"38.825 sq mi
100.558 km2","3,925 per sq mi
1,515 km-2",02410232,33.8624°N 117.5639°W
154,Eugene,Oregon,"!B9880297382995 157,986","!B9880412035189 156,185",!D0044626991358 +1.15%,"43.723 sq mi
113.241 km2","3,572 per sq mi
1,379 km-2",02410460,44.0567°N 123.1162°W
155,Salem,Oregon,"!B9880332701580 157,429","!B9880511642862 154,637",!D0040143222499 +1.81%,"47.896 sq mi
124.049 km2","3,229 per sq mi
1,247 km-2",02411764,44.9237°N 123.0231°W
156,Palmdale,California,"!B9880446348241 155,650","!B9880634421229 152,750",!D0039640918610 +1.90%,"105.961 sq mi
274.439 km2","1,442 per sq mi
557 km-2",02411359,34.5913°N 118.1090°W
157,Salinas,California,"!B9880521541899 154,484","!B9880786737402 150,441",!D0036165839900 +2.69%,"23.179 sq mi
60.033 km2","6,490 per sq mi
2,506 km-2",02411768,36.6902°N 121.6337°W
158,Springfield,Massachusetts,"!B9880582054491 153,552","!B9880614147196 153,060",!D0057401065638 +0.32%,"31.865 sq mi
82.530 km2","4,803 per sq mi
1,855 km-2",00619388,42.1155°N 72.5400°W
159,Pasadena,Texas,"!B9880665763256 152,272","!B9880880098661 149,043",!D0038320623631 +2.17%,"42.762 sq mi
110.754 km2","3,485 per sq mi
1,346 km-2",02411380,29.6583°N 95.1505°W
160,Rockford,Illinois,"!B9880760051602 150,843","!B9880626502925 152,871",!H9956774556572 −1.33%,"61.081 sq mi
158.200 km2","2,503 per sq mi
966 km-2",02396405,42.2634°N 89.0628°W
161,Pomona,California,"!B9880762106930 150,812","!B9880879092290 149,058",!D0044424365979 +1.18%,"22.952 sq mi
59.444 km2","6,494 per sq mi
2,508 km-2",02411454,34.0586°N 117.7613°W
162,Hayward,California,"!B9880856709972 149,392","!B9881211405882 144,186",!D0033212923261 +3.61%,"45.323 sq mi
117.386 km2","3,181 per sq mi
1,228 km-2",02410724,37.6281°N 122.1063°W
163,Fort Collins,Colorado,"!B9880909058382 148,612","!B9881225286483 143,986",!D0034380235088 +3.21%,"54.277 sq mi
140.578 km2","2,653 per sq mi
1,024 km-2",02410526,40.5482°N 105.0648°W
164,Joliet,Illinois,"!B9880932232739 148,268","!B9880988708857 147,433",!D0051736973894 +0.57%,"62.114 sq mi
160.874 km2","2,374 per sq mi
916 km-2",02395477,41.5181°N 88.1584°W
165,Escondido,California,"!B9880979081998 147,575","!B9881230496680 143,911",!D0036706396061 +2.55%,"36.813 sq mi
95.345 km2","3,909 per sq mi
1,509 km-2",02410455,33.1336°N 117.0732°W
166,Kansas City,Kansas,"!B9880999906648 147,268","!B9881101049280 145,786",!D0045887472661 +1.02%,"124.810 sq mi
323.256 km2","1,168 per sq mi
451 km-2",00485601,39.1225°N 94.7418°W
167,Torrance,California,"!B9881016284776 147,027","!B9881124948420 145,438",!D0045166449914 +1.09%,"20.478 sq mi
53.038 km2","7,102 per sq mi
2,742 km-2",02412087,33.8350°N 118.3414°W
168,Bridgeport,Connecticut,"!B9881057313690 146,425","!B9881208424068 144,229",!D0041847647905 +1.52%,"15.974 sq mi
41.372 km2","9,029 per sq mi
3,486 km-2",02378269,41.1874°N 73.1957°W
169,Alexandria,Virginia,"!B9881066264254 146,294","!B9881508451850 139,966",!D0030964153055 +4.52%,"15.027 sq mi
38.920 km2","9,314 per sq mi
3,596 km-2",01498415,38.8183°N 77.0820°W
170,Sunnyvale,California,"!B9881072896937 146,197","!B9881500238942 140,081",!D0031313125386 +4.37%,"21.987 sq mi
56.947 km2","6,371 per sq mi
2,460 km-2",02412009,37.3858°N 122.0263°W
171,Cary,North Carolina,"!B9881107430528 145,693","!B9881852381097 135,234",!D0025595437595 +7.73%,"54.345 sq mi
140.754 km2","2,488 per sq mi
961 km-2",02406229,35.7821°N 78.8141°W
172,Lakewood,Colorado,"!B9881119586748 145,516","!B9881295399606 142,980",!D0040321167237 +1.77%,"42.880 sq mi
111.060 km2","3,334 per sq mi
1,287 km-2",02411614,39.6989°N 105.1176°W
173,Hollywood,Florida,"!B9881138847154 145,236","!B9881451315758 140,768",!D0034501722639 +3.17%,"27.366 sq mi
70.879 km2","5,144 per sq mi
1,986 km-2",02404719,26.0311°N 80.1646°W
174,Paterson,New Jersey,"!B9881140017731 145,219","!B9881072760136 146,199",!H9949948285853 −0.67%,"8.428 sq mi
21.829 km2","17,346 per sq mi
6,697 km-2",00885343,40.9147°N 74.1628°W
175,Syracuse,New York,"!B9881212515621 144,170","!B9881143392515 145,170",!H9950220945305 −0.69%,"25.043 sq mi
64.862 km2","5,797 per sq mi
2,238 km-2",00979539,43.0410°N 76.1436°W
176,Naperville,Illinois,"!B9881246282772 143,684","!B9881374534108 141,853",!D0043499290444 +1.29%,"38.769 sq mi
100.412 km2","3,659 per sq mi
1,413 km-2",02395147,41.7492°N 88.1620°W
177,McKinney,Texas,"!B9881278418648 143,223","!B9882161546666 131,117",!D0023823888568 +9.23%,"62.209 sq mi
161.120 km2","2,108 per sq mi
814 km-2",02411064,33.2012°N 96.6680°W
178,Mesquite,Texas,"!B9881280373833 143,195","!B9881518602321 139,824",!D0037251750526 +2.41%,"46.021 sq mi
119.194 km2","3,038 per sq mi
1,173 km-2",02411090,32.7639°N 96.5924°W
179,Clarksville,Tennessee,"!B9881327693968 142,519","!B9882024295699 132,929",!D0026290942621 +7.21%,"97.603 sq mi
252.789 km2","1,362 per sq mi
526 km-2",02404061,36.5664°N 87.3452°W
180,Savannah,Georgia,"!B9881362627458 142,022","!B9881774891021 136,286",!D0031679935155 +4.21%,"103.151 sq mi
267.160 km2","1,321 per sq mi
510 km-2",02405429,32.0025°N 81.1536°W
181,Dayton,Ohio,"!B9881409419671 141,359","!B9881397542094 141,527",!H9932637181888 −0.12%,"55.652 sq mi
144.139 km2","2,543 per sq mi
982 km-2",01086666,39.7774°N 84.1996°W
182,Orange,California,"!B9881547609335 139,419","!B9881765356804 136,416",!D0038160972515 +2.20%,"24.797 sq mi
64.224 km2","5,501 per sq mi
2,124 km-2",02411325,33.8048°N 117.8249°W
183,Fullerton,California,"!B9881608402420 138,574","!B9881857780605 135,161",!D0036788749905 +2.53%,"22.353 sq mi
57.893 km2","6,047 per sq mi
2,335 km-2",02410556,33.8857°N 117.9280°W
184,Pasadena,California,"!B9881610351027 138,547","!B9881713736805 137,122",!D0045666992267 +1.04%,"22.970 sq mi
59.493 km2","5,970 per sq mi
2,305 km-2",02411379,34.1606°N 118.1396°W
185,Hampton,Virginia,"!B9881734615925 136,836","!B9881690863668 137,436",!H9945660160220 −0.44%,"51.413 sq mi
133.160 km2","2,673 per sq mi
1,032 km-2",01498554,37.0480°N 76.2971°W
186,McAllen,Texas,"!B9881890535933 134,719","!B9882256568722 129,877",!D0032892599902 +3.73%,"48.344 sq mi
125.209 km2","2,687 per sq mi
1,037 km-2",02411057,26.2185°N 98.2461°W
187,Killeen,Texas,"!B9881895361955 134,654","!B9882408318351 127,921",!D0029443920763 +5.26%,"53.580 sq mi
138.773 km2","2,387 per sq mi
922 km-2",02411542,31.0777°N 97.7320°W
188,Warren,Michigan,"!B9881933532354 134,141","!B9881939870979 134,056",!D0073633616455 +0.06%,"34.381 sq mi
89.045 km2","3,899 per sq mi
1,505 km-2",01627213,42.4929°N 83.0250°W
189,West Valley City,Utah,"!B9882061603128 132,434","!B9882287182919 129,480",!D0037803662449 +2.28%,"35.556 sq mi
92.090 km2","3,642 per sq mi
1,406 km-2",02412231,40.6885°N 112.0118°W
190,Columbia,South Carolina,"!B9882118244201 131,686","!B9882303260093 129,272",!D0039806335889 +1.87%,"132.213 sq mi
342.431 km2","978 per sq mi
378 km-2",02404107,34.0298°N 80.8966°W
191,New Haven,Connecticut,"!B9882190264540 130,741","!B9882264117172 129,779",!D0049045738321 +0.74%,"18.679 sq mi
48.377 km2","6,948 per sq mi
2,683 km-2",02378285,41.3108°N 72.9250°W
192,Sterling Heights,Michigan,"!B9882215613873 130,410","!B9882270283398 129,699",!D0052062992303 +0.55%,"36.505 sq mi
94.547 km2","3,553 per sq mi
1,372 km-2",01627126,42.5812°N 83.0303°W
193,Olathe,Kansas,"!B9882243641766 130,045","!B9882569792034 125,872",!D0034066303159 +3.32%,"59.661 sq mi
154.521 km2","2,110 per sq mi
815 km-2",00485633,38.8843°N 94.8188°W
194,Miramar,Florida,"!B9882345353015 128,729","!B9882878876671 122,041",!D0029040421780 +5.48%,"29.521 sq mi
76.458 km2","4,134 per sq mi
1,596 km-2",02404275,25.9770°N 80.3358°W
195,Thousand Oaks,California,"!B9882370008761 128,412","!B9882505568179 126,683",!D0042941446964 +1.36%,"55.031 sq mi
142.530 km2","2,302 per sq mi
889 km-2",02412065,34.1933°N 118.8742°W
196,Frisco,Texas,"!B9882388404015 128,176","!B9883301648077 116,989",!D0023473275234 +9.56%,"61.804 sq mi
160.071 km2","1,893 per sq mi
731 km-2",02410549,33.1510°N 96.8193°W
197,Cedar Rapids,Iowa,"!B9882392852014 128,119","!B9882533788537 126,326",!D0042549756726 +1.42%,"70.799 sq mi
183.368 km2","1,784 per sq mi
689 km-2",00467567,41.9670°N 91.6778°W
198,Topeka,Kansas,"!B9882406911331 127,939","!B9882443401435 127,473",!D0056114742223 +0.37%,"60.168 sq mi
155.833 km2","2,119 per sq mi
818 km-2",00485655,39.0362°N 95.6948°W
199,Visalia,California,"!B9882474200425 127,081","!B9882684049771 124,442",!D0038534396863 +2.12%,"36.246 sq mi
93.876 km2","3,433 per sq mi
1,326 km-2",02412160,36.3272°N 119.3234°W
200,Waco,Texas,"!B9882479159123 127,018","!B9882654922017 124,805",!D0040324034581 +1.77%,"88.964 sq mi
230.416 km2","1,403 per sq mi
542 km-2",02412162,31.5601°N 97.1860°W
201,Elizabeth,New Jersey,"!B9882523344837 126,458","!B9882641790144 124,969",!D0044299609528 +1.19%,"12.319 sq mi
31.907 km2","10,144 per sq mi
3,917 km-2",00885205,40.6663°N 74.1935°W
202,Bellevue,Washington,"!B9882524847425 126,439","!B9882852526842 122,363",!D0034018759214 +3.33%,"31.968 sq mi
82.796 km2","3,828 per sq mi
1,478 km-2",02409821,47.5978°N 122.1565°W
203,Gainesville,Florida,"!B9882555898677 126,047","!B9882691123840 124,354",!D0042966302338 +1.36%,"61.305 sq mi
158.779 km2","2,028 per sq mi
783 km-2",02403676,29.6788°N 82.3459°W
204,Simi Valley,California,"!B9882576070221 125,793","!B9882700536892 124,237",!D0043800726059 +1.25%,"41.480 sq mi
107.433 km2","2,995 per sq mi
1,156 km-2",02411904,34.2669°N 118.7485°W
205,Charleston,South Carolina,"!B9882592778264 125,583","!B9883040615506 120,083",!D0030834350781 +4.58%,"108.979 sq mi
282.253 km2","1,102 per sq mi
425 km-2",02404030,32.8179°N 79.9589°W
206,Carrollton,Texas,"!B9882606643250 125,409","!B9883123064338 119,097",!D0029374857035 +5.30%,"36.296 sq mi
94.007 km2","3,281 per sq mi
1,267 km-2",02409992,32.9884°N 96.8998°W
207,Coral Springs,Florida,"!B9882616376154 125,287","!B9882956611015 121,096",!D0033636442505 +3.46%,"23.792 sq mi
61.620 km2","5,090 per sq mi
1,965 km-2",02404127,26.2708°N 80.2593°W
208,Stamford,Connecticut,"!B9882630593636 125,109","!B9882829670249 122,643",!D0039066802913 +2.01%,"37.639 sq mi
97.483 km2","3,258 per sq mi
1,258 km-2",02378291,41.0799°N 73.5460°W
209,Hartford,Connecticut,"!B9882647873502 124,893","!B9882657326056 124,775",!D0069635827698 +0.09%,"17.381 sq mi
45.016 km2","7,179 per sq mi
2,772 km-2",02378277,41.7660°N 72.6833°W
210,Concord,California,"!B9882662456605 124,711","!B9882876746467 122,067",!D0038322771523 +2.17%,"30.546 sq mi
79.114 km2","3,996 per sq mi
1,543 km-2",02410214,37.9722°N 122.0016°W
211,Roseville,California,"!B9882677864063 124,519","!B9883149043292 118,788",!D0030314503561 +4.82%,"36.222 sq mi
93.814 km2","3,279 per sq mi
1,266 km-2",02411000,38.7657°N 121.3032°W
212,Thornton,Colorado,"!B9882708347600 124,140","!B9883150390321 118,772",!D0030967502892 +4.52%,"34.843 sq mi
90.243 km2","3,409 per sq mi
1,316 km-2",02412064,39.9180°N 104.9454°W
213,Kent,Washington,"!B9882800684957 122,999","!B9885659987018 92,411",!D0011056382439 +33.10%,"28.625 sq mi
74.139 km2","3,228 per sq mi
1,246 km-2",02410185,47.3853°N 122.2169°W
214,Lafayette,Louisiana,"!B9882820053453 122,761","!B9882995747418 120,623",!D0040327991666 +1.77%,"49.231 sq mi
127.509 km2","2,450 per sq mi
946 km-2",02404854,30.2116°N 92.0314°W
215,Surprise,Arizona,"!B9882940850831 121,287","!B9883256617170 117,517",!D0034395080025 +3.21%,"105.747 sq mi
273.884 km2","1,111 per sq mi
429 km-2",02412016,33.6706°N 112.4527°W
216,Denton,Texas,"!B9882954381628 121,123","!B9883614732527 113,383",!D0026843697806 +6.83%,"87.952 sq mi
227.794 km2","1,289 per sq mi
498 km-2",02410323,33.2151°N 97.1417°W
217,Victorville,California,"!B9883019568909 120,336","!B9883394910866 115,903",!D0032636770786 +3.82%,"73.178 sq mi
189.529 km2","1,584 per sq mi
612 km-2",02412156,34.5277°N 117.3536°W
218,Evansville,Indiana,"!B9883027965599 120,235","!B9883264108253 117,429",!D0037340739139 +2.39%,"44.153 sq mi
114.357 km2","2,660 per sq mi
1,027 km-2",02394710,37.9877°N 87.5347°W
219,Midland,Texas,"!B9883098911560 119,385","!B9883813910715 111,147",!D0026020960534 +7.41%,"72.071 sq mi
186.663 km2","1,542 per sq mi
595 km-2",02411096,32.0299°N 102.1097°W
220,Santa Clara,California,"!B9883105111916 119,311","!B9883346281638 116,468",!D0037127567244 +2.44%,"18.407 sq mi
47.675 km2","6,327 per sq mi
2,443 km-2",02411816,37.3646°N 121.9679°W
221,Athens,Georgia,"!B9883131296313 118,999","!B9883433898618 115,452",!D0034827526833 +3.07%,"116.355 sq mi
301.358 km2","992 per sq mi
383 km-2",02407405,33.9496°N 83.3701°W
222,Allentown,Pennsylvania,"!B9883133397391 118,974","!B9883212889468 118,032",!D0048307057785 +0.80%,"17.546 sq mi
45.443 km2","6,727 per sq mi
2,597 km-2",01215372,40.5940°N 75.4782°W
223,Abilene,Texas,"!B9883140712588 118,887","!B9883295324696 117,063",!D0041616803597 +1.56%,"106.793 sq mi
276.592 km2","1,096 per sq mi
423 km-2",02409657,32.4545°N 99.7381°W
224,Beaumont,Texas,"!B9883196297574 118,228","!B9883190547629 118,296",!H9925385624681 −0.06%,"82.801 sq mi
214.452 km2","1,429 per sq mi
552 km-2",02409806,30.0843°N 94.1458°W
225,Vallejo,California,"!B9883232904062 117,796","!B9883391546549 115,942",!D0041357445989 +1.60%,"30.671 sq mi
79.439 km2","3,780 per sq mi
1,460 km-2",02412142,38.1079°N 122.2639°W
226,Independence,Missouri,"!B9883277657525 117,270","!B9883315248342 116,830",!D0055817004387 +0.38%,"77.567 sq mi
200.897 km2","1,506 per sq mi
582 km-2",02395422,39.0853°N 94.3513°W
227,Springfield,Illinois,"!B9883289944426 117,126","!B9883365016765 116,250",!D0048881322325 +0.75%,"59.480 sq mi
154.051 km2","1,954 per sq mi
755 km-2",02395940,39.7639°N 89.6708°W
228,Ann Arbor,Michigan,"!B9883376119701 116,121","!B9883566253876 113,934",!D0039530885916 +1.92%,"27.830 sq mi
72.079 km2","4,094 per sq mi
1,581 km-2",01625837,42.2756°N 83.7313°W
229,Provo,Utah,"!B9883393530496 115,919","!B9883693981717 112,488",!D0034899947854 +3.05%,"41.673 sq mi
107.931 km2","2,699 per sq mi
1,042 km-2",02411499,40.2453°N 111.6448°W
230,Peoria,Illinois,"!B9883413564526 115,687","!B9883472517249 115,007",!D0051306554768 +0.59%,"48.007 sq mi
124.338 km2","2,396 per sq mi
925 km-2",02396178,40.7523°N 89.6171°W
231,Norman,Oklahoma,"!B9883424375385 115,562","!B9883833904237 110,925",!D0031747866918 +4.18%,"178.763 sq mi
462.995 km2","621 per sq mi
240 km-2",02411267,35.2406°N 97.3453°W
232,Berkeley,California,"!B9883438143707 115,403","!B9883685806409 112,580",!D0036858639307 +2.51%,"10.470 sq mi
27.118 km2","10,752 per sq mi
4,152 km-2",02409837,37.8667°N 122.2991°W
233,El Monte,California,"!B9883463478407 115,111","!B9883606621726 113,475",!D0042393283101 +1.44%,"9.562 sq mi
24.766 km2","11,867 per sq mi
4,582 km-2",02410413,34.0746°N 118.0291°W
234,Murfreesboro,Tennessee,"!B9883557129948 114,038","!B9884031470750 108,755",!D0030246035277 +4.86%,"55.346 sq mi
143.347 km2","1,965 per sq mi
759 km-2",02404342,35.8522°N 86.4161°W
235,Lansing,Michigan,"!B9883560813609 113,996","!B9883534443972 114,297",!H9940605546620 −0.26%,"36.049 sq mi
93.366 km2","3,171 per sq mi
1,224 km-2",01626588,42.7098°N 84.5562°W
236,Columbia,Missouri,"!B9883628677315 113,225","!B9884054945480 108,500",!D0031338826120 +4.35%,"63.077 sq mi
163.367 km2","1,720 per sq mi
664 km-2",02393605,38.9479°N 92.3261°W
237,Downey,California,"!B9883659814281 112,873","!B9883757836388 111,772",!D0046202422243 +0.99%,"12.408 sq mi
32.137 km2","9,008 per sq mi
3,478 km-2",02410352,33.9382°N 118.1309°W
238,Costa Mesa,California,"!B9883744782607 111,918","!B9883921280577 109,960",!D0040281931191 +1.78%,"15.654 sq mi
40.543 km2","7,025 per sq mi
2,712 km-2",02410239,33.6659°N 117.9123°W
239,Inglewood,California,"!B9883810762228 111,182","!B9883947415098 109,673",!D0042860560314 +1.38%,"9.068 sq mi
23.486 km2","12,095 per sq mi
4,670 km-2",02410106,33.9561°N 118.3443°W
240,Miami Gardens,Florida,"!B9883849331953 110,754","!B9884178563555 107,167",!D0033970721668 +3.35%,"18.231 sq mi
47.217 km2","5,878 per sq mi
2,270 km-2",02404249,25.9489°N 80.2436°W
241,Manchester,New Hampshire,"!B9883898661579 110,209","!B9883957267405 109,565",!D0051365745333 +0.59%,"33.101 sq mi
85.730 km2","3,310 per sq mi
1,278 km-2",00873658,42.9847°N 71.4439°W
242,Elgin,Illinois,"!B9883924282118 109,927","!B9884083742664 108,188",!D0041305602191 +1.61%,"37.163 sq mi
96.253 km2","2,911 per sq mi
1,124 km-2",02394641,42.0396°N 88.3217°W
243,Wilmington,North Carolina,"!B9883924736976 109,922","!B9884243251133 106,476",!D0034307054695 +3.24%,"51.493 sq mi
133.366 km2","2,068 per sq mi
798 km-2",02405754,34.2092°N 77.8858°W
244,Waterbury,Connecticut,"!B9883925373812 109,915","!B9883884426056 110,366",!H9944999099451 −0.41%,"28.519 sq mi
73.864 km2","3,870 per sq mi
1,494 km-2",02378294,41.5585°N 73.0367°W
245,Fargo,North Dakota,"!B9883937754670 109,779","!B9884330694209 105,549",!D0032169733070 +4.01%,"48.821 sq mi
126.446 km2","2,162 per sq mi
835 km-2",01036030,46.8652°N 96.8290°W
246,Arvada,Colorado,"!B9883940852281 109,745","!B9884247290418 106,433",!D0034699634426 +3.11%,"35.142 sq mi
91.018 km2","3,029 per sq mi
1,169 km-2",02409737,39.8097°N 105.1066°W
247,Carlsbad,California,"!B9883979836550 109,318","!B9884351654302 105,328",!D0032732880598 +3.79%,"37.722 sq mi
97.699 km2","2,792 per sq mi
1,078 km-2",02409984,33.1239°N 117.2828°W
248,Westminster,Colorado,"!B9883993475807 109,169","!B9884277307331 106,114",!D0035477343952 +2.88%,"31.550 sq mi
81.715 km2","3,363 per sq mi
1,299 km-2",02412237,39.8822°N 105.0644°W
249,Rochester,Minnesota,"!B9884009702359 108,992","!B9884215770987 106,769",!D0038718099872 +2.08%,"54.586 sq mi
141.377 km2","1,956 per sq mi
755 km-2",02396395,44.0154°N 92.4772°W
250,Gresham,Oregon,"!B9884013005900 108,956","!B9884326431695 105,594",!D0034470655164 +3.18%,"23.201 sq mi
60.090 km2","4,551 per sq mi
1,757 km-2",02410663,45.5023°N 122.4416°W
251,Clearwater,Florida,"!B9884033585819 108,732","!B9884130344223 107,685",!D0046332813668 +0.97%,"25.562 sq mi
66.204 km2","4,213 per sq mi
1,627 km-2",02404067,27.9795°N 82.7663°W
252,Lowell,Massachusetts,"!B9884052918036 108,522","!B9884239213480 106,519",!D0039736773163 +1.88%,"13.583 sq mi
35.180 km2","7,842 per sq mi
3,028 km-2",00618227,42.6389°N 71.3221°W
253,West Jordan,Utah,"!B9884065734708 108,383","!B9884506268940 103,712",!D0031002446454 +4.50%,"32.457 sq mi
84.063 km2","3,195 per sq mi
1,234 km-2",02412222,40.6023°N 112.0010°W
254,Pueblo,Colorado,"!B9884122268365 107,772","!B9884232081147 106,595",!D0045060677780 +1.10%,"53.641 sq mi
138.930 km2","1,987 per sq mi
767 km-2",02411501,38.2731°N 104.6124°W
255,San Buenaventura (Ventura),California,"!B9884125794949 107,734","!B9884247290418 106,433",!D0044043824796 +1.22%,"21.655 sq mi
56.085 km2","4,915 per sq mi
1,898 km-2",02411779,34.2681°N 119.2550°W
256,Fairfield,California,"!B9884130437087 107,684","!B9884352318915 105,321",!D0037970808312 +2.24%,"37.390 sq mi
96.839 km2","2,817 per sq mi
1,088 km-2",02410474,38.2568°N 122.0397°W
257,West Covina,California,"!B9884153121688 107,440","!B9884278815257 106,098",!D0043702021567 +1.26%,"16.041 sq mi
41.545 km2","6,614 per sq mi
2,554 km-2",02412219,34.0559°N 117.9099°W
258,Billings,Montana,"!B9884198458855 106,954","!B9884462205410 104,170",!D0036221354375 +2.67%,"43.413 sq mi
112.440 km2","2,399 per sq mi
926 km-2",02409849,45.7895°N 108.5499°W
259,Murrieta,California,"!B9884211931659 106,810","!B9884530016646 103,466",!D0034320753610 +3.23%,"33.577 sq mi
86.964 km2","3,081 per sq mi
1,190 km-2",02411199,33.5719°N 117.1907°W
260,High Point,North Carolina,"!B9884232925499 106,586","!B9884442928619 104,371",!D0038526994555 +2.12%,"53.803 sq mi
139.348 km2","1,940 per sq mi
749 km-2",02404696,35.9855°N 79.9902°W
261,Round Rock,Texas,"!B9884234145246 106,573","!B9884882051739 99,887",!D0027040237590 +6.69%,"34.113 sq mi
88.352 km2","2,928 per sq mi
1,131 km-2",02411005,30.5237°N 97.6674°W
262,Richmond,California,"!B9884239495124 106,516","!B9884507329626 103,701",!D0036065494967 +2.71%,"30.068 sq mi
77.875 km2","3,449 per sq mi
1,332 km-2",02410939,37.9530°N 122.3594°W
263,Cambridge,Massachusetts,"!B9884243720734 106,471","!B9884367427026 105,162",!D0043862385313 +1.24%,"6.385 sq mi
16.538 km2","16,469 per sq mi
6,359 km-2",00619396,42.3760°N 71.1183°W
264,Norwalk,California,"!B9884261864185 106,278","!B9884330694209 105,549",!D0049752568470 +0.69%,"9.707 sq mi
25.141 km2","10,873 per sq mi
4,198 km-2",02411281,33.9069°N 118.0834°W
265,Odessa,Texas,"!B9884278438254 106,102","!B9884876747151 99,940",!D0027861686057 +6.17%,"41.955 sq mi
108.662 km2","2,382 per sq mi
920 km-2",02411303,31.8804°N 102.3434°W
266,Antioch,California,"!B9884334579415 105,508","!B9884636314833 102,372",!D0034856651352 +3.06%,"28.349 sq mi
73.422 km2","3,611 per sq mi
1,394 km-2",02409715,37.9775°N 121.7976°W
267,Temecula,California,"!B9884363053779 105,208","!B9884861050051 100,097",!D0029747446360 +5.11%,"30.151 sq mi
78.092 km2","3,320 per sq mi
1,282 km-2",02412044,33.5019°N 117.1246°W
268,Green Bay,Wisconsin,"!B9884395423045 104,868","!B9884473058950 104,057",!D0048544260507 +0.78%,"45.467 sq mi
117.758 km2","2,289 per sq mi
884 km-2",01583309,44.5207°N 87.9842°W
269,Everett,Washington,"!B9884415754949 104,655","!B9884573312837 103,019",!D0041426591990 +1.59%,"33.447 sq mi
86.628 km2","3,080 per sq mi
1,189 km-2",02410469,48.0033°N 122.1742°W
270,Wichita Falls,Texas,"!B9884425601657 104,552","!B9884425506011 104,553",!H9884425506011 0.00%,"72.140 sq mi
186.841 km2","1,449 per sq mi
560 km-2",02412261,33.9067°N 98.5259°W
271,Burbank,California,"!B9884441012561 104,391","!B9884542201981 103,340",!D0045882824309 +1.02%,"17.341 sq mi
44.913 km2","5,959 per sq mi
2,301 km-2",02409939,34.1890°N 118.3249°W
272,Palm Bay,Florida,"!B9884466622244 104,124","!B9884556727718 103,190",!D0047048507898 +0.91%,"65.702 sq mi
170.168 km2","1,571 per sq mi
606 km-2",02404463,27.9856°N 80.6626°W
273,Centennial,Colorado,"!B9884503280340 103,743","!B9884833116236 100,377",!D0033952080015 +3.35%,"28.722 sq mi
74.390 km2","3,495 per sq mi
1,349 km-2",02409422,39.5906°N 104.8691°W
274,Daly City,California,"!B9884508390424 103,690","!B9884759071233 101,123",!D0036735996957 +2.54%,"7.664 sq mi
19.849 km2","13,195 per sq mi
5,095 km-2",02410291,37.7009°N 122.4650°W
275,Richardson,Texas,"!B9884546363869 103,297","!B9884948748787 99,223",!D0031927445244 +4.11%,"28.564 sq mi
73.980 km2","3,474 per sq mi
1,341 km-2",02410933,32.9723°N 96.7081°W
276,Pompano Beach,Florida,"!B9884576710846 102,984","!B9884886257375 99,845",!D0034597147056 +3.14%,"24.002 sq mi
62.165 km2","4,160 per sq mi
1,606 km-2",02404547,26.2426°N 80.1290°W
277,Broken Arrow,Oklahoma,"!B9884670856505 102,019","!B9884986411714 98,850",!D0034401874689 +3.21%,"61.571 sq mi
159.469 km2","1,605 per sq mi
620 km-2",02409914,36.0365°N 95.7810°W
278,North Charleston,South Carolina,"!B9884673797566 101,989","!B9885126898231 97,471",!D0030714854798 +4.64%,,,,32.8853°N 80.0169°W
279,West Palm Beach,Florida,"!B9884682233405 101,903","!B9884878848632 99,919",!D0039192448488 +1.99%,"55.293 sq mi
143.208 km2","1,807 per sq mi
698 km-2",02405713,26.7483°N 80.1266°W
280,Boulder,Colorado,"!B9884691560345 101,808","!B9885135725263 97,385",!D0030918539957 +4.54%,,,,40.0175°N 105.2797°W
281,Rialto,California,"!B9884698241816 101,740","!B9884953990881 99,171",!D0036533289147 +2.59%,"22.351 sq mi
57.889 km2","4,437 per sq mi
1,713 km-2",02410931,34.1118°N 117.3883°W
282,Santa Maria,California,"!B9884725899450 101,459","!B9884915545553 99,553",!D0039556833604 +1.91%,"22.756 sq mi
58.937 km2","4,375 per sq mi
1,689 km-2",02411824,34.9332°N 120.4438°W
283,El Cajon,California,"!B9884728265217 101,435","!B9884923082068 99,478",!D0039285238257 +1.97%,"14.433 sq mi
37.381 km2","6,892 per sq mi
2,661 km-2",02410406,32.8017°N 116.9605°W
284,Davenport,Iowa,"!B9884735365879 101,363","!B9884902295067 99,685",!D0040844126062 +1.68%,"62.948 sq mi
163.033 km2","1,584 per sq mi
611 km-2",02394467,41.5541°N 90.6040°W
285-(T),Erie,Pennsylvania,"!B9884766589658 101,047","!B9884693721509 101,786",!H9950746700718 −0.73%,"19.081 sq mi
49.419 km2","5,334 per sq mi
2,060 km-2",01215209,42.1166°N 80.0735°W
285-(T),Las Cruces,New Mexico,"!B9884766589658 101,047","!B9885111828183 97,618",!D0033487932291 +3.51%,"76.29 sq mi
197.59 km2","1,279 per sq mi
494 km-2",,32.3197°N 106.7653°W
287,South Bend,Indiana,"!B9884791063653 100,800","!B9884754622197 101,168",!H9943835451578 −0.36%,"41.458 sq mi
107.375 km2","2,440 per sq mi
942 km-2",02395913,41.6769°N 86.2690°W
288,Flint,Michigan,"!B9884819377509 100,515","!B9884630260322 102,434",!H9960225855282 −1.87%,"33.416 sq mi
86.547 km2","3,065 per sq mi
1,184 km-2",01626285,43.0244°N 83.6920°W
289,Kenosha,Wisconsin,"!B9884855756589 100,150","!B9884949252715 99,218",!D0046677419137 +0.94%,,,,42.5822°N 87.8456°W
